customer_id,customer_name,city,region
101,Brian Anderson,Alexismouth,New Jersey
102,Cindy Perez,Port Lisa,Kansas
103,Thomas Ryan,East Robert,Michigan
104,Rodney Compton,Watsonborough,New Mexico
105,Kelly Ramirez MD,New Kristenville,Missouri
106,Lauren Stevens,Tonyville,Oklahoma
107,Destiny Reyes,North Jaystad,Maine
108,Shelly Neal,Christophermouth,Delaware
109,Thomas Martinez,Port Ralphfurt,Minnesota
110,Christopher Henderson,Benjaminview,Illinois
111,Kristy Flores,New Janetburgh,North Carolina
112,Jeremiah Long,East Larry,Arkansas
113,Joanna Hinton,South Julie,Oregon
114,Lisa Goodman,North Vanessa,Tennessee
115,Johnny Fowler,North Stephanieport,Hawaii
116,Patricia Pierce,Herreraton,Colorado
117,Amanda Alexander,Justinhaven,Louisiana
118,Stephen Miller DDS,South Brandonville,Virginia
119,Colleen Daniels,Annaside,North Carolina
120,Julie Page,Lake Kyleberg,Wisconsin
121,Shawn Wilson,Robinsonfort,Michigan
122,Amanda Green,Murilloborough,Kansas
123,Tracy Harris,East Cassandraburgh,Indiana
124,Tony Keller Jr.,Samuelmouth,Indiana
125,Robert Melton,East Ronaldtown,Rhode Island
126,Hannah James,Jamesport,California
127,Edward Gilbert,Orrborough,Arkansas
128,Shelly King,Maryberg,Louisiana
129,Joe Caldwell,Gregoryside,Wisconsin
130,Christopher Golden,Charlesfort,Louisiana
131,Jesus Mann,Port Michealport,Vermont
132,Cassandra Ball,Danieltown,Kansas
133,Anthony Nguyen,New Robertmouth,Massachusetts
134,Casey Patel,North Brandonberg,Maine
135,Sherry Moreno,East Brittneytown,Arkansas
136,Sonya Hansen,New Natalieborough,North Dakota
137,Traci Fletcher,Gravesport,Idaho
138,Jesse Ross PhD,Johnsonborough,Texas
139,Jennifer Munoz,Dayborough,Hawaii
140,Trevor Hale,Hernandezfurt,Indiana
141,Michael Graham,Perezchester,Tennessee
142,Jessica James,West Manuel,Kansas
143,Alexandra Hawkins,Hintonborough,North Carolina
144,Caleb Thomas,Kristinfurt,Michigan
145,William Bailey,Lake Brandyberg,Connecticut
146,Brandon Hernandez,Adamsfort,Virginia
147,Thomas Reyes,West Stephen,Rhode Island
148,Shannon Hahn,Jamesstad,Hawaii
149,Deborah Garcia,Monicashire,Missouri
150,Heather Romero,South Frank,Colorado
151,Anne Raymond,Port Matthewmouth,Pennsylvania
152,Brandi Vazquez,Geoffreyland,Maryland
153,Matthew Mckee,Craigburgh,Massachusetts
154,Lisa Moore,Lake Travis,Illinois
155,Sherri Curry,Wilsonland,Montana
156,Mark Marshall,East Annettebury,Louisiana
157,Kaitlyn Garcia,Lake Deborahberg,Kentucky
158,Billy Davis,Davenportberg,Louisiana
159,April Rice,Port Mark,Maryland
160,Joseph Nguyen,Ianfurt,Michigan
161,Timothy Hale,West Rebeccamouth,Idaho
162,Tiffany Walker,East Julianhaven,New Jersey
163,Tony Lozano,Port Nicolemouth,Texas
164,Travis Erickson,South Alan,Minnesota
165,Gary Mitchell,East Amy,Nevada
166,William Brown,Weissburgh,Georgia
167,Margaret Johnson,West Laura,New Jersey
168,Christopher Moore,Melissamouth,Georgia
169,Desiree Brooks,West Gary,Delaware
170,Tammy Clark,New Elizabeth,Mississippi
171,Travis Johnson,North Joanborough,Arkansas
172,Michael Davis,Powellland,South Carolina
173,Rebecca Sanchez,Thomasfurt,Arizona
174,Jimmy Harmon,North Adrienne,Maryland
175,Casey Munoz,New Ashleestad,Colorado
176,Sara Perkins,Port Antonio,Nevada
177,Rebecca Moore,Gregoryhaven,Michigan
178,James Winters,New Georgeview,Utah
179,Jennifer Allen,Lake Henry,Vermont
180,Jonathan Jackson III,Tiffanyborough,Missouri
181,Amy Cohen,Lake Ashleyland,Arkansas
182,Hector Watson,Lake Tiffany,Nebraska
183,Ryan Cooper,South Connorfort,Kentucky
184,Victoria Ford,South Heatherstad,South Dakota
185,Andrea Morgan,Cynthiafurt,Utah
186,Dana Hamilton,Jacksonview,Rhode Island
187,Patricia Bryant,South David,Oklahoma
188,Sierra Cardenas,Chandlerborough,Georgia
189,Kelly Martinez,Port Ricky,Connecticut
1190,Douglas Sloan,Nguyenville,Arizona
191,Kaylee Klein,West Dianaside,Washington
192,Raymond Barrera,Emilybury,West Virginia
193,Timothy Harris,Michaelstad,Nevada
194,Wayne Simmons,Christopherport,Florida
195,Sabrina Baker,Michelleshire,Illinois
196,Tonya Pace,Port Alexandra,Indiana
197,Julie Ramos,Melissamouth,New York
198,Evan Barnett,Markhaven,Nevada
199,Tara Stewart,North Stephanie,North Dakota
200,Savannah Lewis,West Brucefurt,Iowa
